user_id,agency_id,role,user_age_days,avg_logins_per_day,failed_login_ratio,account_status,email_domain_match_flag,user_fraud_label,user_fraud_type
U00001,A0100,agent,2033,1.05,0.0412,active,1,0,legit
U00002,A0041,agent,722,1.45,0.0058,active,1,0,legit
U00003,A0166,agent,1135,8.98,0.011,active,1,0,legit
U00004,A0034,agent,2401,11.25,0.05,active,1,0,legit
U00005,A0017,agent,2191,5.73,0.0243,active,1,0,legit
U00006,A0165,finance,1822,1.74,0.0864,active,1,0,legit
U00007,A0153,admin,183,3.53,0.0418,active,1,0,legit
U00008,A0122,agent,1930,9.53,0.0105,active,1,0,legit
U00009,A0076,agent,1457,6.41,0.0306,active,1,0,legit
U00010,A0087,agent,1319,5.65,0.0146,active,1,0,legit
U00011,A0117,agent,344,7.1,0.061,active,1,0,legit
U00012,A0106,agent,1094,5.87,0.0641,active,1,0,legit
U00013,A0086,agent,134,11.41,0.0144,active,1,0,legit
U00014,A0027,agent,1954,3.38,0.0224,active,1,0,legit
U00015,A0057,admin,1943,2.98,0.0157,active,1,0,legit
U00016,A0031,agent,1246,1.16,0.0417,active,0,0,legit
U00017,A0134,agent,1454,4.11,0.0627,active,1,0,legit
U00018,A0168,admin,2431,2.18,0.0233,active,1,0,legit
U00019,A0098,agent,1802,6.76,0.0834,active,1,0,legit
U00020,A0012,agent,1990,6.07,0.0193,active,1,0,legit
U00021,A0053,agent,1633,2.22,0.0213,active,1,0,legit
U00022,A0199,agent,738,8.06,0.0105,active,1,0,legit
U00023,A0138,agent,680,11.31,0.0182,active,1,0,legit
U00024,A0173,agent,976,7.25,0.0286,active,1,0,legit
U00025,A0145,agent,690,0.0,0.044,active,0,0,legit
U00026,A0154,admin,2176,12.95,0.0174,locked,1,0,legit
U00027,A0190,admin,2359,8.61,0.0275,active,1,0,legit
U00028,A0122,admin,2480,12.85,0.0262,active,1,0,legit
U00029,A0046,agent,1162,9.82,0.036,active,1,0,legit
U00030,A0064,agent,729,10.52,0.0635,locked,1,0,legit
U00031,A0130,finance,2276,6.72,0.09,active,1,0,legit
U00032,A0054,agent,2068,5.08,0.0371,active,1,0,legit
U00033,A0107,agent,2404,7.31,0.0405,active,1,0,legit
U00034,A0193,agent,2231,3.52,0.0094,active,1,0,legit
U00035,A0051,agent,581,7.52,0.0267,active,1,0,legit
U00036,A0181,finance,434,0.0,0.0599,active,1,0,legit
U00037,A0036,agent,491,6.15,0.0595,active,1,0,legit
U00038,A0115,agent,2209,10.71,0.0299,active,1,0,legit
U00039,A0026,agent,903,6.33,0.0331,active,1,0,legit
U00040,A0029,agent,113,12.05,0.0319,active,1,0,legit
U00041,A0149,admin,1452,5.08,0.0648,active,1,0,legit
U00042,A0011,agent,250,9.51,0.0199,active,1,0,legit
U00043,A0040,agent,1421,2.93,0.0666,active,0,0,legit
U00044,A0011,finance,141,9.37,0.0377,active,1,0,legit
U00045,A0164,agent,644,6.81,0.0153,active,1,0,legit
U00046,A0113,agent,1611,5.23,0.028,active,1,0,legit
U00047,A0187,agent,504,0.0,0.0805,active,1,0,legit
U00048,A0039,admin,1943,5.11,0.0084,active,0,0,legit
U00049,A0054,agent,300,6.75,0.0323,active,1,0,legit
U00050,A0098,agent,2498,8.9,0.02,active,1,0,legit
U00051,A0055,admin,1950,11.46,0.0239,active,1,0,legit
U00052,A0111,agent,1420,13.12,0.0289,active,1,0,legit
U00053,A0152,finance,69,10.36,0.1419,active,1,0,legit
U00054,A0150,agent,2012,4.03,0.075,active,1,0,legit
U00055,A0069,agent,2266,4.93,0.0119,active,1,0,legit
U00056,A0056,agent,1023,8.59,0.0167,active,1,0,legit
U00057,A0033,admin,2042,7.82,0.0496,active,1,0,legit
U00058,A0036,agent,319,11.7,0.0223,active,1,0,legit
U00059,A0148,admin,308,18.01,0.5273,active,1,1,account_takeover
U00060,A0081,finance,610,13.94,0.0667,active,1,0,legit
U00061,A0190,agent,892,11.23,0.047,active,1,0,legit
U00062,A0109,finance,283,7.85,0.0292,active,1,0,legit
U00063,A0154,agent,210,10.72,0.0637,active,1,0,legit
U00064,A0194,agent,710,11.82,0.024,active,1,0,legit
U00065,A0073,agent,854,5.48,0.0502,active,1,0,legit
U00066,A0040,admin,729,4.14,0.0468,active,1,0,legit
U00067,A0017,agent,1379,3.31,0.0008,active,1,0,legit
U00068,A0129,agent,1410,2.93,0.0244,active,1,0,legit
U00069,A0061,agent,1703,1.16,0.0375,active,1,0,legit
U00070,A0171,agent,2468,6.87,0.043,active,1,0,legit
U00071,A0104,agent,1668,2.5,0.0486,active,1,0,legit
U00072,A0042,admin,1987,3.26,0.0143,active,1,0,legit
U00073,A0025,admin,241,8.45,0.0839,active,1,0,legit
U00074,A0039,agent,1568,6.64,0.0196,active,1,0,legit
U00075,A0035,finance,413,7.5,0.0696,active,1,0,legit
U00076,A0131,agent,1744,10.78,0.1507,active,1,0,legit
U00077,A0108,finance,371,9.03,0.0391,active,1,0,legit
U00078,A0172,agent,1868,11.32,0.032,active,0,0,legit
U00079,A0179,agent,2017,6.28,0.0624,locked,1,0,legit
U00080,A0102,agent,873,11.64,0.0023,active,1,0,legit
U00081,A0098,admin,1564,7.26,0.0512,active,1,0,legit
U00082,A0012,agent,449,6.59,0.0345,active,1,0,legit
U00083,A0019,agent,2018,11.12,0.0202,active,1,0,legit
U00084,A0101,agent,1962,2.95,0.0065,active,1,0,legit
U00085,A0044,agent,1879,13.08,0.0072,active,1,0,legit
U00086,A0187,agent,335,5.01,0.0181,active,1,0,legit
U00087,A0049,agent,898,1.74,0.0366,active,1,0,legit
U00088,A0189,admin,1165,8.29,0.0772,active,1,0,legit
U00089,A0017,agent,1464,4.68,0.0507,active,1,0,legit
U00090,A0074,agent,235,13.09,0.0068,active,1,0,legit
U00091,A0057,agent,525,4.48,0.0366,active,1,0,legit
U00092,A0055,admin,1939,7.1,0.0412,active,1,0,legit
U00093,A0047,admin,1075,1.01,0.0657,active,1,0,legit
U00094,A0012,agent,242,8.85,0.0774,active,0,0,legit
U00095,A0062,agent,339,3.28,0.0324,active,1,0,legit
U00096,A0080,agent,2021,8.43,0.0074,active,1,0,legit
U00097,A0083,agent,301,4.5,0.0485,active,1,0,legit
U00098,A0008,admin,1852,0.0,0.0022,active,1,0,legit
U00099,A0149,agent,2109,6.46,0.0296,active,1,0,legit
U00100,A0081,agent,472,6.3,0.0071,active,1,0,legit
U00101,A0118,agent,2239,9.08,0.0325,active,1,0,legit
U00102,A0198,admin,283,11.45,0.0674,active,0,0,legit
U00103,A0200,agent,550,12.69,0.0707,active,1,0,legit
U00104,A0025,agent,1006,9.02,0.0592,active,1,0,legit
U00105,A0089,agent,39,6.98,0.016,active,0,0,legit
U00106,A0012,admin,1613,1.0,0.0443,active,1,0,legit
U00107,A0143,agent,1164,6.71,0.0303,active,1,0,legit
U00108,A0059,agent,182,6.75,0.055,active,1,0,legit
U00109,A0154,agent,1688,5.3,0.0355,active,1,0,legit
U00110,A0109,agent,1886,8.22,0.0389,active,1,0,legit
U00111,A0026,agent,1244,9.93,0.0136,active,1,0,legit
U00112,A0047,agent,1782,3.14,0.0227,active,1,0,legit
U00113,A0032,agent,1134,3.08,0.0135,active,1,0,legit
U00114,A0010,agent,924,5.51,0.0196,active,1,0,legit
U00115,A0016,agent,1141,39.46,0.1258,active,1,1,bot_booking
U00116,A0199,admin,133,0.26,0.0238,active,1,0,legit
U00117,A0145,agent,1944,2.51,0.0509,active,1,0,legit
U00118,A0151,finance,1036,1.69,0.0325,active,1,0,legit
U00119,A0026,agent,436,10.23,0.1474,active,1,0,legit
U00120,A0086,agent,1431,11.96,0.063,active,1,0,legit
U00121,A0135,agent,196,2.17,0.0206,active,0,0,legit
U00122,A0014,agent,538,7.91,0.0329,active,1,0,legit
U00123,A0079,agent,1691,9.06,0.0042,active,1,0,legit
U00124,A0117,agent,2390,0.78,0.0342,active,1,0,legit
U00125,A0007,agent,792,6.56,0.0187,active,1,0,legit
U00126,A0137,admin,710,14.87,0.0436,active,1,0,legit
U00127,A0115,agent,2150,45.88,0.1447,active,0,1,bot_booking
U00128,A0176,admin,1194,5.14,0.0621,active,1,0,legit
U00129,A0072,agent,611,4.04,0.0043,active,1,0,legit
U00130,A0059,agent,291,0.0,0.0039,active,1,0,legit
U00131,A0082,agent,1393,38.74,0.1299,locked,0,1,bot_booking
U00132,A0116,agent,1361,12.82,0.0051,active,1,0,legit
U00133,A0167,agent,2322,3.15,0.1134,active,1,0,legit
U00134,A0146,agent,1568,0.0,0.0247,active,1,0,legit
U00135,A0187,agent,590,3.68,0.125,active,1,0,legit
U00136,A0103,agent,1129,9.09,0.015,active,1,0,legit
U00137,A0017,agent,1933,4.5,0.0268,active,1,0,legit
U00138,A0014,finance,204,3.13,0.0677,active,1,0,legit
U00139,A0159,admin,2186,6.07,0.1054,active,1,0,legit
U00140,A0152,agent,2260,6.8,0.0083,active,1,0,legit
U00141,A0108,admin,221,1.14,0.0141,active,1,0,legit
U00142,A0188,agent,94,5.24,0.0889,active,1,0,legit
U00143,A0045,agent,1527,4.26,0.0619,active,1,0,legit
U00144,A0098,finance,1597,3.76,0.0388,active,1,0,legit
U00145,A0131,agent,34,31.32,0.0994,active,0,1,new_synthetic_user
U00146,A0037,agent,1967,9.29,0.0637,active,1,0,legit
U00147,A0171,agent,398,3.74,0.0237,active,1,0,legit
U00148,A0168,agent,880,0.0,0.0504,active,1,0,legit
U00149,A0183,agent,72,6.93,0.0449,active,0,0,legit
U00150,A0108,admin,1937,8.54,0.0152,active,1,0,legit
U00151,A0039,agent,107,3.21,0.056,active,1,0,legit
U00152,A0015,agent,1854,4.04,0.0265,active,1,0,legit
U00153,A0120,finance,1323,3.73,0.0019,active,1,0,legit
U00154,A0004,agent,703,4.79,0.0158,active,1,0,legit
U00155,A0093,agent,730,9.87,0.0672,active,1,0,legit
U00156,A0153,agent,788,5.6,0.0503,active,1,0,legit
U00157,A0141,agent,1953,8.94,0.0098,active,1,0,legit
U00158,A0161,finance,931,2.61,0.0395,active,1,0,legit
U00159,A0016,agent,1022,4.66,0.0496,active,1,0,legit
U00160,A0170,admin,1221,9.34,0.0335,active,1,0,legit
U00161,A0108,agent,2416,3.18,0.019,active,1,0,legit
U00162,A0126,finance,2270,9.54,0.0721,active,1,0,legit
U00163,A0194,agent,1506,3.8,0.02,active,1,0,legit
U00164,A0055,admin,2360,4.87,0.0741,active,1,0,legit
U00165,A0170,agent,419,11.85,0.0064,active,1,0,legit
U00166,A0034,finance,1029,4.47,0.041,active,1,0,legit
U00167,A0158,agent,554,6.51,0.0176,active,1,0,legit
U00168,A0013,agent,1885,8.16,0.0212,active,1,0,legit
U00169,A0141,admin,1536,6.79,0.0239,active,1,0,legit
U00170,A0018,agent,688,6.89,0.0145,active,1,0,legit
U00171,A0160,admin,920,5.8,0.0015,active,1,0,legit
U00172,A0096,agent,1511,1.44,0.0486,active,1,0,legit
U00173,A0123,agent,481,7.22,0.0179,active,1,0,legit
U00174,A0039,agent,1567,3.44,0.067,active,1,0,legit
U00175,A0046,agent,912,8.72,0.0279,active,1,0,legit
U00176,A0029,agent,342,10.8,0.0149,active,1,0,legit
U00177,A0190,agent,869,0.0,0.0087,active,1,0,legit
U00178,A0062,agent,404,10.81,0.0454,active,1,0,legit
U00179,A0185,agent,480,4.56,0.0216,active,1,0,legit
U00180,A0016,agent,624,5.54,0.0224,active,1,0,legit
U00181,A0184,agent,1263,2.81,0.0264,active,1,0,legit
U00182,A0121,agent,529,6.66,0.0328,active,1,0,legit
U00183,A0010,agent,493,6.23,0.078,active,1,0,legit
U00184,A0158,agent,142,9.77,0.0004,active,1,0,legit
U00185,A0153,finance,1065,20.82,0.5289,active,0,1,account_takeover
U00186,A0103,admin,2408,11.81,0.0245,active,1,0,legit
U00187,A0084,agent,1954,8.33,0.0151,active,1,0,legit
U00188,A0133,agent,169,6.32,0.0591,active,1,0,legit
U00189,A0065,admin,1454,5.37,0.0236,active,1,0,legit
U00190,A0177,agent,546,4.93,0.0717,active,1,0,legit
U00191,A0003,agent,1977,5.16,0.0751,active,1,0,legit
U00192,A0173,agent,2195,6.59,0.0219,active,1,0,legit
U00193,A0142,admin,917,5.27,0.0164,active,1,0,legit
U00194,A0120,agent,1371,3.76,0.0599,active,1,0,legit
U00195,A0158,agent,79,20.83,0.0764,active,0,1,credit_bustout_user
U00196,A0068,finance,48,3.07,0.0132,active,0,0,legit
U00197,A0146,admin,755,7.13,0.0018,active,1,0,legit
U00198,A0190,agent,2274,5.22,0.0024,active,1,0,legit
U00199,A0037,agent,1503,8.44,0.0529,active,1,0,legit
U00200,A0153,admin,481,9.46,0.0198,active,1,0,legit
U00201,A0176,agent,2366,9.46,0.0348,active,1,0,legit
U00202,A0193,agent,1194,7.11,0.0031,active,1,0,legit
U00203,A0181,agent,1137,7.52,0.0632,active,1,0,legit
U00204,A0073,finance,2468,4.87,0.0237,active,1,0,legit
U00205,A0143,agent,244,8.37,0.021,active,1,0,legit
U00206,A0049,admin,1579,8.77,0.0276,active,1,0,legit
U00207,A0121,admin,2292,0.51,0.0135,active,1,0,legit
U00208,A0088,agent,157,7.32,0.0535,active,1,0,legit
U00209,A0196,agent,1875,10.79,0.0197,active,1,0,legit
U00210,A0140,agent,789,4.75,0.0474,active,1,0,legit
U00211,A0187,agent,2481,3.99,0.0092,active,1,0,legit
U00212,A0037,agent,1845,4.53,0.0224,active,1,0,legit
U00213,A0061,agent,2415,0.73,0.0348,active,1,0,legit
U00214,A0171,agent,390,6.44,0.0035,active,1,0,legit
U00215,A0124,admin,598,6.1,0.0494,active,1,0,legit
U00216,A0198,agent,1445,6.69,0.0621,active,1,0,legit
U00217,A0039,agent,2295,7.46,0.025,active,1,0,legit
U00218,A0184,agent,1627,3.21,0.0347,active,1,0,legit
U00219,A0063,agent,1722,6.96,0.0505,active,1,0,legit
U00220,A0046,agent,231,7.55,0.0411,active,1,0,legit
U00221,A0088,agent,2094,4.29,0.0264,active,1,0,legit
U00222,A0011,agent,2399,7.47,0.0269,active,1,0,legit
U00223,A0062,agent,547,6.28,0.1576,active,0,0,legit
U00224,A0077,agent,1378,3.79,0.0187,active,1,0,legit
U00225,A0153,agent,1465,6.99,0.0629,active,1,0,legit
U00226,A0199,agent,1371,4.98,0.1323,active,1,0,legit
U00227,A0052,finance,710,8.44,0.0864,active,1,0,legit
U00228,A0004,agent,2018,5.16,0.0218,active,1,0,legit
U00229,A0059,agent,1521,1.49,0.0105,active,1,0,legit
U00230,A0072,agent,454,6.93,0.0495,active,1,0,legit
U00231,A0148,agent,1998,6.8,0.0175,active,1,0,legit
U00232,A0093,agent,1742,2.22,0.0446,active,1,0,legit
U00233,A0063,agent,2464,8.63,0.0655,active,1,0,legit
U00234,A0054,agent,807,24.64,0.4141,active,0,1,account_takeover
U00235,A0117,agent,2175,2.96,0.0509,active,1,0,legit
U00236,A0110,agent,1856,3.69,0.0458,active,1,0,legit
U00237,A0074,agent,237,5.5,0.0315,active,1,0,legit
U00238,A0107,agent,1567,3.34,0.0163,active,1,0,legit
U00239,A0057,finance,1689,8.24,0.0357,active,1,0,legit
U00240,A0169,agent,2243,24.04,0.1398,active,0,1,ring_operator
U00241,A0003,agent,51,2.17,0.0514,active,1,0,legit
U00242,A0120,agent,183,3.12,0.0289,active,1,0,legit
U00243,A0006,agent,1992,10.16,0.0677,active,1,0,legit
U00244,A0005,agent,248,11.37,0.0078,active,1,0,legit
U00245,A0005,agent,698,10.94,0.0241,active,0,1,credit_bustout_user
U00246,A0054,agent,1548,5.26,0.0024,active,1,0,legit
U00247,A0047,agent,2307,4.46,0.0103,active,1,0,legit
U00248,A0177,agent,2097,7.92,0.0862,active,1,0,legit
U00249,A0009,agent,979,25.28,0.0872,active,0,1,ring_operator
U00250,A0099,agent,2225,0.36,0.0094,active,1,0,legit
U00251,A0020,agent,432,9.61,0.0084,active,1,0,legit
U00252,A0122,agent,625,10.71,0.0216,active,1,0,legit
U00253,A0061,admin,2444,8.58,0.0473,active,1,0,legit
U00254,A0123,agent,1467,2.18,0.074,active,1,0,legit
U00255,A0163,agent,1187,3.77,0.0116,active,1,0,legit
U00256,A0178,agent,1772,0.0,0.0064,active,1,0,legit
U00257,A0082,finance,1336,12.8,0.0511,active,1,1,ring_operator
U00258,A0062,agent,102,4.75,0.0568,active,1,0,legit
U00259,A0145,agent,510,14.17,0.0254,active,1,0,legit
U00260,A0003,agent,589,12.84,0.0108,active,1,0,legit
U00261,A0160,agent,774,2.84,0.0735,active,1,0,legit
U00262,A0013,agent,1496,3.52,0.0279,active,1,0,legit
U00263,A0120,agent,129,7.63,0.0595,active,1,0,legit
U00264,A0125,admin,1112,0.0,0.0024,active,1,0,legit
U00265,A0089,agent,2335,4.47,0.0123,active,1,0,legit
U00266,A0073,agent,442,4.12,0.0087,active,1,0,legit
U00267,A0068,finance,1118,12.48,0.0351,active,1,0,legit
U00268,A0142,agent,1207,6.56,0.0281,active,1,0,legit
U00269,A0101,agent,2038,5.0,0.0181,active,0,0,legit
U00270,A0098,agent,2343,3.79,0.0215,active,1,0,legit
U00271,A0011,agent,850,9.13,0.0233,active,1,0,legit
U00272,A0105,agent,691,4.26,0.0271,active,1,0,legit
U00273,A0184,finance,589,5.82,0.0154,active,0,0,legit
U00274,A0067,agent,1301,3.76,0.0689,locked,0,0,legit
U00275,A0123,agent,1843,15.27,0.0312,active,1,1,cancellation_abuser
U00276,A0029,agent,639,2.51,0.0381,active,1,0,legit
U00277,A0137,admin,2491,4.24,0.0186,active,1,0,legit
U00278,A0195,finance,54,5.08,0.0136,active,1,0,legit
U00279,A0153,admin,2058,5.23,0.0178,active,1,0,legit
U00280,A0076,agent,313,5.69,0.0952,active,1,0,legit
U00281,A0170,agent,1502,4.29,0.0153,active,1,0,legit
U00282,A0009,agent,330,10.72,0.0551,active,1,0,legit
U00283,A0040,agent,1121,9.32,0.0111,active,1,0,legit
U00284,A0025,agent,1060,5.53,0.0337,active,1,0,legit
U00285,A0005,agent,846,6.89,0.0273,active,1,0,legit
U00286,A0139,agent,112,4.7,0.0114,active,1,0,legit
U00287,A0187,agent,1950,0.0,0.0215,active,1,0,legit
U00288,A0124,agent,2123,6.07,0.0579,active,1,0,legit
U00289,A0038,agent,647,7.07,0.0027,active,1,0,legit
U00290,A0072,agent,2339,0.36,0.0298,active,1,0,legit
U00291,A0133,agent,205,7.75,0.017,active,1,0,legit
U00292,A0176,agent,1219,5.02,0.0449,active,1,0,legit
U00293,A0090,agent,871,7.18,0.0231,active,1,0,legit
U00294,A0146,agent,399,5.12,0.0616,locked,1,0,legit
U00295,A0198,agent,1848,10.38,0.0113,active,1,0,legit
U00296,A0037,agent,2131,6.79,0.0294,active,1,0,legit
U00297,A0060,finance,719,9.51,0.0146,active,1,0,legit
U00298,A0176,agent,1809,9.8,0.023,active,1,0,legit
U00299,A0028,agent,1394,2.08,0.0632,active,1,0,legit
U00300,A0197,agent,1462,3.41,0.024,active,0,0,legit
U00301,A0081,agent,396,13.83,0.0594,active,0,1,cancellation_abuser
U00302,A0114,agent,673,4.72,0.0566,active,1,0,legit
U00303,A0040,agent,2456,5.16,0.0512,active,1,0,legit
U00304,A0045,finance,102,10.5,0.0414,active,1,0,legit
U00305,A0062,agent,1301,4.91,0.0305,active,1,0,legit
U00306,A0093,admin,889,2.61,0.0137,active,1,0,legit
U00307,A0115,agent,72,3.08,0.0099,active,1,0,legit
U00308,A0186,agent,2454,13.64,0.0439,active,1,0,legit
U00309,A0067,finance,1094,5.38,0.0539,active,1,0,legit
U00310,A0056,agent,2247,1.23,0.0305,active,1,0,legit
U00311,A0040,agent,2289,0.0,0.0279,active,1,0,legit
U00312,A0098,agent,1546,3.81,0.0329,active,1,0,legit
U00313,A0040,agent,2116,5.31,0.0553,active,1,0,legit
U00314,A0091,agent,398,9.32,0.0287,active,1,0,legit
U00315,A0033,agent,180,8.98,0.0405,active,1,0,legit
U00316,A0006,agent,1164,5.98,0.0064,active,1,0,legit
U00317,A0147,agent,1533,4.41,0.0656,active,1,0,legit
U00318,A0080,agent,1489,7.19,0.0138,active,1,0,legit
U00319,A0168,agent,1100,0.0,0.0237,active,1,0,legit
U00320,A0092,agent,1053,12.93,0.0702,active,1,0,legit
U00321,A0097,agent,1628,8.29,0.0192,active,1,0,legit
U00322,A0059,agent,2070,21.65,0.0131,active,1,1,credit_bustout_user
U00323,A0059,agent,1419,40.7,0.0978,active,1,1,bot_booking
U00324,A0048,admin,98,10.49,0.0168,active,1,0,legit
U00325,A0169,agent,2376,4.39,0.045,active,1,0,legit
U00326,A0013,agent,973,2.67,0.0256,active,1,0,legit
U00327,A0107,agent,27,20.54,0.152,active,1,1,new_synthetic_user
U00328,A0045,agent,2373,5.78,0.0497,active,1,0,legit
U00329,A0089,agent,2280,2.23,0.0124,active,1,0,legit
U00330,A0181,admin,90,2.87,0.024,active,1,0,legit
U00331,A0170,agent,975,2.59,0.0686,active,1,0,legit
U00332,A0100,admin,1367,2.63,0.0546,active,1,0,legit
U00333,A0191,admin,1214,4.64,0.083,active,1,0,legit
U00334,A0155,admin,360,1.14,0.0217,active,1,0,legit
U00335,A0166,finance,1581,3.58,0.0366,active,1,0,legit
U00336,A0188,agent,367,9.66,0.0185,active,1,0,legit
U00337,A0007,agent,1659,8.88,0.0743,active,1,0,legit
U00338,A0133,agent,1357,2.33,0.0755,active,1,0,legit
U00339,A0045,agent,1556,9.69,0.0209,active,1,1,cancellation_abuser
U00340,A0058,agent,1703,0.0,0.0233,active,1,0,legit
U00341,A0031,agent,1391,14.5,0.0514,active,1,0,legit
U00342,A0023,agent,1603,10.55,0.0482,locked,1,0,legit
U00343,A0170,agent,304,4.04,0.1078,active,1,0,legit
U00344,A0138,agent,1217,7.34,0.036,active,1,0,legit
U00345,A0160,agent,2396,1.1,0.0074,active,1,0,legit
U00346,A0107,agent,2464,6.21,0.0205,active,1,0,legit
U00347,A0181,admin,2023,5.36,0.0657,active,1,0,legit
U00348,A0158,agent,899,3.08,0.0143,active,1,0,legit
U00349,A0039,agent,1044,4.36,0.0281,active,1,0,legit
U00350,A0159,agent,1941,4.02,0.0096,active,1,0,legit
U00351,A0082,agent,632,2.04,0.0295,active,1,0,legit
U00352,A0100,agent,1829,3.0,0.003,active,1,0,legit
U00353,A0002,agent,720,0.95,0.0231,active,1,0,legit
U00354,A0077,agent,523,9.0,0.0516,active,1,0,legit
U00355,A0012,agent,519,2.74,0.0209,active,1,0,legit
U00356,A0039,agent,419,1.72,0.0029,active,1,0,legit
U00357,A0194,agent,324,8.95,0.0014,active,1,0,legit
U00358,A0013,agent,1422,7.29,0.0343,active,1,0,legit
U00359,A0046,agent,1747,8.82,0.0027,active,1,0,legit
U00360,A0155,agent,678,9.21,0.0173,active,1,0,legit
U00361,A0113,finance,1903,12.78,0.021,active,1,0,legit
U00362,A0017,agent,597,5.45,0.0129,active,1,0,legit
U00363,A0104,agent,474,0.9,0.0199,active,1,0,legit
U00364,A0098,agent,392,6.95,0.0349,active,1,0,legit
U00365,A0188,agent,2200,3.66,0.0172,active,1,0,legit
U00366,A0192,agent,1241,24.71,0.5317,active,0,1,account_takeover
U00367,A0088,agent,771,6.35,0.0634,active,1,0,legit
U00368,A0109,finance,2071,9.03,0.024,active,1,0,legit
U00369,A0163,agent,709,3.07,0.0084,active,1,0,legit
U00370,A0070,agent,2497,10.46,0.0245,active,1,0,legit
U00371,A0158,agent,1672,2.54,0.0074,active,1,0,legit
U00372,A0199,agent,1602,5.15,0.0266,active,0,0,legit
U00373,A0074,agent,1388,7.35,0.0083,active,1,0,legit
U00374,A0063,agent,2169,4.64,0.0625,active,1,0,legit
U00375,A0156,agent,92,0.0,0.009,active,1,0,legit
U00376,A0060,agent,1192,9.25,0.0022,active,1,0,legit
U00377,A0079,agent,1258,3.82,0.0086,active,1,0,legit
U00378,A0037,finance,285,8.61,0.1168,active,1,0,legit
U00379,A0022,agent,164,1.58,0.0188,active,1,0,legit
U00380,A0196,finance,904,2.17,0.0217,active,1,0,legit
U00381,A0148,agent,851,9.02,0.0887,active,1,0,legit
U00382,A0096,admin,2165,7.19,0.0415,active,1,0,legit
U00383,A0068,agent,852,19.99,0.0776,active,1,1,credit_bustout_user
U00384,A0192,admin,15,14.64,0.1625,active,0,1,new_synthetic_user
U00385,A0017,finance,1807,2.66,0.0105,active,1,0,legit
U00386,A0012,agent,150,6.39,0.1095,active,0,0,legit
U00387,A0150,finance,1667,6.45,0.0215,active,1,0,legit
U00388,A0145,agent,1394,4.69,0.0066,active,1,0,legit
U00389,A0138,agent,1037,3.08,0.0968,active,1,0,legit
U00390,A0118,agent,954,6.25,0.0512,active,1,0,legit
U00391,A0193,agent,674,5.81,0.0233,active,1,0,legit
U00392,A0022,agent,2062,4.37,0.0185,active,1,0,legit
U00393,A0120,agent,2098,2.38,0.0095,active,1,0,legit
U00394,A0050,agent,271,6.04,0.0201,active,1,0,legit
U00395,A0014,agent,2380,4.38,0.0773,active,1,0,legit
U00396,A0192,admin,1649,2.38,0.0271,active,1,0,legit
U00397,A0175,agent,832,6.15,0.0722,active,1,0,legit
U00398,A0029,agent,993,11.63,0.0232,active,1,0,legit
U00399,A0164,agent,98,4.72,0.0455,active,1,0,legit
U00400,A0180,agent,1182,11.24,0.0777,locked,1,0,legit
U00401,A0125,agent,225,13.4,0.081,locked,1,0,legit
U00402,A0007,agent,2217,2.66,0.0097,active,1,0,legit
U00403,A0029,agent,2360,6.03,0.0741,active,1,0,legit
U00404,A0139,finance,21,38.5,0.0385,active,0,1,new_synthetic_user
U00405,A0033,agent,775,5.58,0.0077,active,1,0,legit
U00406,A0134,agent,1718,6.13,0.0062,active,1,0,legit
U00407,A0111,agent,306,0.15,0.031,active,1,0,legit
U00408,A0079,agent,90,4.14,0.0094,active,1,0,legit
U00409,A0160,agent,1943,7.94,0.0478,active,1,0,legit
U00410,A0179,agent,2129,14.5,0.0501,active,1,0,legit
U00411,A0058,agent,2230,5.31,0.0282,active,1,0,legit
U00412,A0026,agent,1802,49.17,0.0608,active,0,1,bot_booking
U00413,A0174,finance,1364,17.45,0.0338,active,1,1,credit_bustout_user
U00414,A0029,admin,1867,5.87,0.0405,active,1,0,legit
U00415,A0004,agent,596,10.12,0.0732,active,1,0,legit
U00416,A0099,agent,1601,8.23,0.0351,active,1,0,legit
U00417,A0141,agent,651,7.61,0.0614,active,1,0,legit
U00418,A0039,agent,2055,10.58,0.0447,active,1,0,legit
U00419,A0015,agent,1230,3.48,0.0056,active,1,0,legit
U00420,A0119,agent,343,6.07,0.0488,active,1,0,legit
U00421,A0029,agent,2174,4.18,0.0336,active,1,0,legit
U00422,A0157,agent,1266,5.05,0.0905,active,1,0,legit
U00423,A0075,agent,166,2.48,0.0298,active,1,0,legit
U00424,A0116,finance,1059,4.8,0.0201,active,1,0,legit
U00425,A0032,finance,2186,5.9,0.0199,active,1,0,legit
U00426,A0130,agent,691,4.7,0.0136,active,1,0,legit
U00427,A0175,agent,2338,5.44,0.028,active,1,0,legit
U00428,A0084,admin,116,7.42,0.007,active,1,0,legit
U00429,A0022,agent,2153,10.34,0.0335,active,0,0,legit
U00430,A0027,admin,2491,10.59,0.0504,active,1,0,legit
U00431,A0195,agent,1338,8.66,0.1064,active,1,0,legit
U00432,A0081,admin,1730,1.59,0.0428,active,1,0,legit
U00433,A0126,agent,524,4.74,0.0014,active,1,0,legit
U00434,A0184,admin,1677,5.04,0.0269,active,1,0,legit
U00435,A0092,finance,1972,3.7,0.0465,active,1,0,legit
U00436,A0021,agent,1098,7.2,0.0022,active,1,0,legit
U00437,A0047,agent,1454,0.42,0.0164,active,1,0,legit
U00438,A0101,finance,626,11.93,0.0144,active,1,0,legit
U00439,A0187,agent,479,10.18,0.0223,active,1,0,legit
U00440,A0084,admin,32,21.61,0.0996,active,0,1,new_synthetic_user
U00441,A0006,agent,675,5.78,0.0138,active,1,0,legit
U00442,A0147,agent,1659,10.3,0.0352,active,1,0,legit
U00443,A0185,agent,691,8.41,0.0031,active,1,0,legit
U00444,A0197,agent,787,9.87,0.1133,active,1,0,legit
U00445,A0131,agent,318,5.79,0.0258,active,1,0,legit
U00446,A0001,agent,750,12.26,0.0281,active,1,0,legit
U00447,A0058,agent,667,10.08,0.03,active,1,0,legit
U00448,A0124,agent,2312,7.78,0.1071,active,1,0,legit
U00449,A0166,agent,2493,10.4,0.0158,active,1,0,legit
U00450,A0015,admin,528,4.53,0.0108,active,1,0,legit
U00451,A0162,finance,663,1.91,0.0273,active,1,0,legit
U00452,A0189,agent,1703,7.13,0.0332,active,1,0,legit
U00453,A0163,admin,2060,5.8,0.0322,active,0,0,legit
U00454,A0064,agent,144,5.31,0.0787,active,1,0,legit
U00455,A0025,agent,703,10.26,0.0223,active,0,0,legit
U00456,A0024,finance,1766,6.58,0.054,active,1,0,legit
U00457,A0012,agent,1287,6.92,0.0897,active,1,0,legit
U00458,A0018,agent,2283,4.86,0.0356,active,0,0,legit
U00459,A0015,admin,2324,9.08,0.0004,active,1,0,legit
U00460,A0027,agent,176,8.46,0.0513,active,1,0,legit
U00461,A0072,admin,2195,9.06,0.0114,active,1,0,legit
U00462,A0060,admin,441,4.26,0.0924,active,1,0,legit
U00463,A0174,agent,1717,10.56,0.0224,active,1,0,legit
U00464,A0145,admin,2440,12.44,0.0125,active,1,0,legit
U00465,A0093,agent,1562,8.95,0.031,active,1,0,legit
U00466,A0053,agent,166,3.17,0.0443,active,1,0,legit
U00467,A0008,agent,48,3.19,0.0395,active,1,0,legit
U00468,A0079,finance,2272,4.69,0.081,active,1,0,legit
U00469,A0027,agent,2407,4.02,0.0264,active,1,0,legit
U00470,A0174,agent,1989,5.75,0.0208,active,1,0,legit
U00471,A0050,agent,2252,8.21,0.0422,active,1,0,legit
U00472,A0199,agent,1031,7.01,0.035,active,1,0,legit
U00473,A0131,agent,478,6.71,0.0137,active,1,0,legit
U00474,A0093,agent,1978,5.16,0.099,active,1,0,legit
U00475,A0192,agent,975,5.74,0.0128,active,1,0,legit
U00476,A0172,agent,1407,8.79,0.0348,active,1,0,legit
U00477,A0181,admin,1552,0.0,0.0086,active,0,0,legit
U00478,A0024,agent,170,5.96,0.0038,active,1,0,legit
U00479,A0060,agent,1950,7.01,0.0013,active,1,0,legit
U00480,A0122,finance,122,8.74,0.0416,active,1,0,legit
U00481,A0131,agent,268,2.46,0.0874,active,1,0,legit
U00482,A0148,finance,234,2.28,0.0425,active,1,0,legit
U00483,A0046,agent,1486,8.04,0.0062,active,1,0,legit
U00484,A0015,admin,274,0.0,0.0588,active,1,0,legit
U00485,A0153,agent,861,10.66,0.0509,active,1,0,legit
U00486,A0199,agent,324,6.79,0.0462,active,1,0,legit
U00487,A0017,agent,885,11.46,0.0087,active,1,0,legit
U00488,A0126,admin,2094,2.2,0.0178,active,1,0,legit
U00489,A0084,agent,100,4.47,0.0084,active,1,0,legit
U00490,A0009,agent,1322,0.0,0.0634,active,1,0,legit
U00491,A0166,agent,1378,3.22,0.0243,active,1,0,legit
U00492,A0176,agent,334,5.36,0.042,active,1,0,legit
U00493,A0188,agent,1060,0.0,0.0021,active,1,0,legit
U00494,A0063,agent,1367,4.62,0.034,active,1,0,legit
U00495,A0117,admin,846,0.0,0.0042,active,1,0,legit
U00496,A0130,agent,1156,5.1,0.0146,active,1,0,legit
U00497,A0088,agent,850,10.01,0.0095,active,0,0,legit
U00498,A0072,agent,222,5.88,0.0971,active,1,0,legit
U00499,A0139,agent,1806,11.8,0.0324,active,1,0,legit
U00500,A0064,agent,558,8.75,0.0674,active,1,0,legit
U00501,A0072,agent,2248,10.72,0.1214,active,1,0,legit
U00502,A0021,agent,280,3.32,0.0393,active,1,0,legit
U00503,A0018,agent,1818,3.24,0.0349,active,1,0,legit
U00504,A0064,agent,2056,7.21,0.052,active,1,0,legit
U00505,A0082,admin,2493,0.48,0.0119,active,1,0,legit
U00506,A0110,finance,1433,7.65,0.0555,active,1,0,legit
U00507,A0095,agent,1197,4.87,0.0313,active,1,0,legit
U00508,A0166,finance,2102,10.65,0.029,active,1,0,legit
U00509,A0032,agent,1126,8.38,0.0235,active,1,0,legit
U00510,A0011,agent,1877,9.84,0.102,active,1,0,legit
U00511,A0045,agent,534,3.36,0.0468,active,1,0,legit
U00512,A0033,agent,1651,9.67,0.0155,active,1,0,legit
U00513,A0102,admin,2413,11.06,0.0106,active,1,0,legit
U00514,A0169,agent,1417,5.86,0.0511,active,1,0,legit
U00515,A0136,agent,1252,3.41,0.0387,active,1,0,legit
U00516,A0011,agent,747,3.47,0.0327,active,1,0,legit
U00517,A0179,agent,368,10.34,0.0485,active,0,0,legit
U00518,A0088,agent,688,15.4,0.107,active,1,0,legit
U00519,A0041,agent,991,2.56,0.0108,active,1,0,legit
U00520,A0145,agent,458,2.3,0.0575,active,1,0,legit
U00521,A0076,admin,928,9.22,0.0054,active,1,0,legit
U00522,A0121,finance,168,3.36,0.0989,active,1,0,legit
U00523,A0046,agent,571,9.56,0.0648,active,1,0,legit
U00524,A0160,finance,2134,7.63,0.065,active,1,0,legit
U00525,A0080,agent,1285,19.21,0.0909,active,0,1,ring_operator
U00526,A0054,agent,413,7.54,0.1065,active,1,0,legit
U00527,A0086,agent,223,7.33,0.0067,active,1,0,legit
U00528,A0092,agent,37,23.01,0.0902,active,0,1,new_synthetic_user
U00529,A0148,finance,1925,0.0,0.007,active,1,0,legit
U00530,A0161,agent,2369,6.63,0.0775,active,1,0,legit
U00531,A0168,agent,761,11.51,0.0217,active,1,0,legit
U00532,A0160,agent,2193,24.94,0.0885,active,0,1,ring_operator
U00533,A0097,agent,714,2.62,0.0414,active,1,0,legit
U00534,A0002,admin,111,7.49,0.0138,active,1,0,legit
U00535,A0033,agent,2410,12.07,0.0342,locked,1,1,credit_bustout_user
U00536,A0158,agent,2412,7.44,0.0378,active,1,0,legit
U00537,A0161,agent,561,3.55,0.0294,active,1,0,legit
U00538,A0077,agent,2013,16.6,0.0269,active,1,1,cancellation_abuser
U00539,A0116,agent,250,6.16,0.155,active,1,0,legit
U00540,A0154,agent,664,8.44,0.1263,active,1,0,legit
U00541,A0150,agent,1799,7.12,0.006,active,1,0,legit
U00542,A0103,agent,2400,6.61,0.0242,active,1,0,legit
U00543,A0194,admin,1904,8.19,0.0025,active,1,0,legit
U00544,A0166,admin,32,6.65,0.0024,active,1,0,legit
U00545,A0103,agent,1747,1.83,0.0923,active,1,0,legit
U00546,A0090,agent,235,9.81,0.0101,active,1,0,legit
U00547,A0174,agent,1885,8.86,0.0344,active,1,0,legit
U00548,A0122,agent,69,0.0,0.0234,active,1,0,legit
U00549,A0143,agent,2136,3.71,0.0124,active,1,0,legit
U00550,A0106,agent,673,9.65,0.0139,active,0,0,legit
U00551,A0119,agent,1560,0.0,0.0329,active,1,0,legit
U00552,A0172,agent,1937,9.3,0.0312,active,1,0,legit
U00553,A0049,agent,2173,5.51,0.0277,active,1,0,legit
U00554,A0104,agent,927,10.69,0.0505,active,1,0,legit
U00555,A0061,agent,1115,6.0,0.0159,active,1,0,legit
U00556,A0195,agent,1309,3.47,0.0249,active,1,0,legit
U00557,A0123,agent,2425,7.08,0.0064,active,1,0,legit
U00558,A0134,agent,700,5.89,0.0246,active,1,0,legit
U00559,A0009,agent,1535,3.16,0.0709,active,1,0,legit
U00560,A0006,agent,2394,13.76,0.0265,active,1,0,legit
U00561,A0073,agent,748,2.6,0.0181,active,1,0,legit
U00562,A0103,agent,1101,0.0,0.0704,active,1,0,legit
U00563,A0160,admin,1985,11.54,0.1165,active,1,0,legit
U00564,A0041,agent,1189,3.96,0.0018,active,1,0,legit
U00565,A0114,agent,279,8.33,0.0108,active,1,1,cancellation_abuser
U00566,A0008,agent,2391,4.75,0.0194,active,1,0,legit
U00567,A0072,agent,1922,24.68,0.1057,locked,1,1,ring_operator
U00568,A0178,agent,1883,3.32,0.011,active,0,0,legit
U00569,A0092,agent,1533,2.51,0.002,active,1,0,legit
U00570,A0062,agent,1264,6.23,0.0268,active,1,0,legit
U00571,A0084,admin,73,4.59,0.0337,active,1,0,legit
U00572,A0062,agent,612,8.56,0.0206,active,1,0,legit
U00573,A0111,admin,1318,7.69,0.0214,active,1,0,legit
U00574,A0127,admin,249,2.75,0.0766,active,1,0,legit
U00575,A0007,agent,1955,6.38,0.0238,locked,1,0,legit
U00576,A0084,finance,2478,4.54,0.0343,active,0,0,legit
U00577,A0132,agent,1020,2.53,0.0372,active,1,0,legit
U00578,A0134,finance,1842,8.41,0.0034,active,1,0,legit
U00579,A0058,agent,887,5.58,0.0294,active,0,0,legit
U00580,A0022,agent,833,4.57,0.0131,active,1,0,legit
U00581,A0154,agent,519,3.01,0.0174,active,0,0,legit
U00582,A0127,agent,1810,2.4,0.0287,active,0,0,legit
U00583,A0003,agent,1523,12.96,0.0246,active,1,0,legit
U00584,A0127,agent,1735,7.17,0.0162,active,1,0,legit
U00585,A0041,agent,2344,2.18,0.086,active,1,0,legit
U00586,A0188,agent,83,7.01,0.0482,active,1,0,legit
U00587,A0106,agent,645,9.72,0.0202,active,0,0,legit
U00588,A0014,agent,1112,6.59,0.0934,active,1,0,legit
U00589,A0012,finance,1878,10.81,0.0589,active,1,0,legit
U00590,A0087,agent,984,0.6,0.0278,active,1,0,legit
U00591,A0012,finance,2463,0.0,0.0248,active,1,0,legit
U00592,A0141,agent,1659,6.91,0.033,active,1,0,legit
U00593,A0025,agent,679,6.97,0.0051,active,1,0,legit
U00594,A0045,agent,2377,0.0,0.0512,active,1,0,legit
U00595,A0122,admin,424,3.82,0.0092,active,1,0,legit
U00596,A0147,agent,1389,2.47,0.0235,active,0,0,legit
U00597,A0055,agent,2473,1.13,0.0615,active,1,0,legit
U00598,A0100,agent,400,2.46,0.0198,active,1,0,legit
U00599,A0173,finance,887,8.09,0.064,active,1,0,legit
U00600,A0136,agent,820,2.44,0.0184,active,1,0,legit
U00601,A0119,agent,687,2.56,0.0921,active,1,0,legit
U00602,A0053,agent,1422,0.33,0.0374,active,0,0,legit
U00603,A0183,agent,413,10.44,0.0146,active,1,0,legit
U00604,A0032,agent,2139,7.52,0.0652,active,1,0,legit
U00605,A0051,agent,268,0.0,0.0569,active,1,0,legit
U00606,A0044,agent,224,2.56,0.009,active,1,0,legit
U00607,A0082,agent,2138,10.24,0.0451,active,0,1,credit_bustout_user
U00608,A0198,agent,1182,10.48,0.0604,active,1,0,legit
U00609,A0146,admin,2045,8.94,0.0045,active,1,0,legit
U00610,A0150,admin,185,4.76,0.0288,active,1,0,legit
U00611,A0037,agent,952,0.0,0.0777,active,1,0,legit
U00612,A0096,agent,1639,9.05,0.0242,active,0,0,legit
U00613,A0056,agent,1004,4.96,0.0525,active,1,0,legit
U00614,A0105,admin,1260,6.24,0.0929,active,1,0,legit
U00615,A0059,agent,2465,5.38,0.0089,active,0,0,legit
U00616,A0131,agent,1844,1.26,0.0374,active,1,0,legit
U00617,A0156,agent,867,7.27,0.0306,active,1,0,legit
U00618,A0035,agent,2037,6.79,0.0385,active,1,0,legit
U00619,A0189,agent,1393,4.51,0.0322,active,1,0,legit
U00620,A0093,agent,2417,7.65,0.0108,active,1,0,legit
U00621,A0182,agent,233,1.19,0.0258,active,1,0,legit
U00622,A0191,agent,190,5.06,0.018,active,1,0,legit
U00623,A0097,agent,421,6.09,0.0305,active,1,0,legit
U00624,A0135,agent,798,0.0,0.0121,active,0,0,legit
U00625,A0076,agent,1123,5.8,0.0852,active,1,0,legit
U00626,A0049,agent,434,8.57,0.0232,active,1,0,legit
U00627,A0094,admin,637,4.94,0.0189,active,1,0,legit
U00628,A0159,agent,1644,5.88,0.0322,active,1,0,legit
U00629,A0186,agent,1570,7.97,0.0102,active,1,0,legit
U00630,A0189,agent,1867,4.64,0.0215,active,0,0,legit
U00631,A0024,agent,719,4.96,0.0505,active,1,0,legit
U00632,A0148,agent,1270,1.88,0.0134,active,1,0,legit
U00633,A0037,agent,2133,5.95,0.0283,active,1,0,legit
U00634,A0004,admin,395,4.83,0.0455,active,1,0,legit
U00635,A0108,agent,1752,7.75,0.0642,active,1,0,legit
U00636,A0126,agent,484,7.97,0.0803,active,1,0,legit
U00637,A0020,agent,133,8.77,0.0088,active,1,0,legit
U00638,A0188,agent,106,4.22,0.0169,active,1,0,legit
U00639,A0152,agent,259,0.0,0.0283,active,1,0,legit
U00640,A0050,agent,1967,8.6,0.0373,active,1,0,legit
U00641,A0177,agent,2408,7.51,0.0151,active,1,0,legit
U00642,A0179,agent,1235,3.78,0.0221,active,1,0,legit
U00643,A0096,agent,922,7.94,0.014,active,1,0,legit
U00644,A0105,agent,1603,0.93,0.0322,active,1,0,legit
U00645,A0164,agent,2104,9.61,0.0059,active,1,0,legit
U00646,A0117,agent,1705,4.83,0.0632,active,1,0,legit
U00647,A0098,finance,328,3.1,0.0144,active,1,0,legit
U00648,A0066,agent,986,3.82,0.0408,active,1,0,legit
U00649,A0079,agent,1144,5.19,0.0204,active,0,0,legit
U00650,A0162,agent,1504,5.96,0.0849,active,1,0,legit
U00651,A0164,agent,394,6.17,0.0149,active,1,0,legit
U00652,A0006,agent,1728,4.5,0.0285,active,1,0,legit
U00653,A0039,agent,380,6.7,0.0793,active,1,0,legit
U00654,A0170,finance,2330,6.03,0.0156,active,1,0,legit
U00655,A0115,agent,1934,3.73,0.058,active,1,0,legit
U00656,A0186,agent,1041,3.21,0.0585,active,1,0,legit
U00657,A0125,agent,528,8.13,0.0254,active,0,0,legit
U00658,A0012,admin,979,7.84,0.0078,active,1,0,legit
U00659,A0131,agent,2024,6.2,0.0096,active,1,0,legit
U00660,A0018,agent,2076,9.23,0.0199,active,1,0,legit
U00661,A0040,agent,537,0.0,0.0297,active,1,0,legit
U00662,A0021,agent,1357,4.02,0.0091,active,1,0,legit
U00663,A0143,agent,195,1.95,0.0218,active,1,0,legit
U00664,A0099,agent,949,13.9,0.0365,active,1,0,legit
U00665,A0026,agent,143,8.5,0.0606,active,1,0,legit
U00666,A0008,agent,1021,5.72,0.0248,active,1,0,legit
U00667,A0100,agent,1981,8.75,0.0431,locked,0,0,legit
U00668,A0087,agent,2284,9.91,0.0075,active,1,0,legit
U00669,A0042,agent,1288,9.87,0.0692,active,1,0,legit
U00670,A0172,finance,544,9.23,0.0444,active,1,0,legit
U00671,A0014,admin,1261,5.08,0.0086,active,1,0,legit
U00672,A0078,agent,738,4.25,0.1299,active,1,0,legit
U00673,A0002,admin,2215,2.63,0.0133,active,1,0,legit
U00674,A0119,admin,368,7.76,0.0495,active,1,0,legit
U00675,A0037,admin,97,5.44,0.0363,active,1,0,legit
U00676,A0069,agent,1626,4.54,0.0423,active,1,0,legit
U00677,A0166,agent,1594,4.35,0.0187,active,1,0,legit
U00678,A0041,agent,412,11.08,0.0371,active,0,0,legit
U00679,A0062,agent,48,9.33,0.0166,active,1,0,legit
U00680,A0060,agent,2151,12.41,0.0126,active,1,0,legit
U00681,A0125,agent,602,7.85,0.0139,active,1,0,legit
U00682,A0111,agent,1329,6.2,0.0333,active,1,0,legit
U00683,A0014,agent,2288,5.91,0.1029,active,1,0,legit
U00684,A0084,agent,1973,2.43,0.0375,active,0,0,legit
U00685,A0130,agent,680,1.59,0.1474,active,1,0,legit
U00686,A0070,finance,1675,7.78,0.0116,active,1,0,legit
U00687,A0145,finance,1023,2.73,0.0274,active,1,0,legit
U00688,A0123,admin,1368,6.74,0.006,active,1,0,legit
U00689,A0089,finance,930,9.9,0.0455,active,1,0,legit
U00690,A0028,agent,1714,3.67,0.1045,active,1,0,legit
U00691,A0066,finance,1615,13.04,0.0255,active,1,0,legit
U00692,A0163,agent,1953,2.53,0.0344,active,1,0,legit
U00693,A0005,agent,1811,9.47,0.0012,active,1,0,legit
U00694,A0193,agent,1166,7.49,0.0748,active,1,0,legit
U00695,A0168,agent,2247,10.18,0.0547,active,1,0,legit
U00696,A0184,agent,1974,18.49,0.3365,active,0,1,account_takeover
U00697,A0164,agent,1067,14.07,0.0281,active,1,0,legit
U00698,A0045,admin,1768,5.37,0.051,active,1,0,legit
U00699,A0151,agent,317,8.37,0.0343,active,1,0,legit
U00700,A0047,agent,2266,11.06,0.014,active,1,0,legit
U00701,A0031,admin,1620,3.88,0.031,active,1,0,legit
U00702,A0139,agent,1775,8.89,0.1048,active,1,0,legit
U00703,A0010,agent,1128,3.3,0.0678,active,1,0,legit
U00704,A0195,agent,2354,10.89,0.0271,active,1,0,legit
U00705,A0118,agent,969,3.34,0.0465,active,1,0,legit
U00706,A0014,agent,1478,6.13,0.0054,active,1,0,legit
U00707,A0080,finance,600,13.6,0.1103,active,0,1,ring_operator
U00708,A0093,agent,1030,8.75,0.0793,active,1,0,legit
U00709,A0010,agent,1235,12.89,0.0371,active,1,0,legit
U00710,A0076,admin,947,4.42,0.0192,active,1,0,legit
U00711,A0094,agent,1904,9.99,0.0142,active,1,0,legit
U00712,A0105,agent,862,12.9,0.0262,active,1,0,legit
U00713,A0001,agent,2270,6.58,0.0378,active,1,0,legit
U00714,A0133,agent,1708,4.07,0.0233,active,0,0,legit
U00715,A0020,agent,645,0.0,0.0052,active,1,0,legit
U00716,A0008,agent,435,12.59,0.0373,active,1,0,legit
U00717,A0171,agent,1779,5.14,0.0398,active,1,0,legit
U00718,A0001,finance,122,2.5,0.0059,active,1,0,legit
U00719,A0057,agent,683,1.25,0.0122,active,1,0,legit
U00720,A0064,agent,463,2.49,0.0686,active,1,0,legit
U00721,A0118,agent,1165,9.22,0.037,active,0,0,legit
U00722,A0028,agent,404,9.7,0.0063,active,1,0,legit
U00723,A0121,agent,1096,8.28,0.0449,active,1,0,legit
U00724,A0107,agent,236,57.85,0.1177,active,1,1,bot_booking
U00725,A0165,admin,809,1.64,0.0394,active,1,0,legit
U00726,A0175,agent,1349,3.45,0.048,active,1,0,legit
U00727,A0165,agent,1171,2.13,0.1282,active,1,0,legit
U00728,A0049,agent,561,8.0,0.0095,active,1,0,legit
U00729,A0120,agent,2243,2.28,0.0124,active,1,0,legit
U00730,A0044,agent,119,3.5,0.0293,active,1,0,legit
U00731,A0056,agent,1147,5.36,0.0338,active,1,0,legit
U00732,A0156,agent,42,0.16,0.0404,active,1,0,legit
U00733,A0111,agent,1887,6.16,0.0377,active,1,0,legit
U00734,A0134,admin,834,5.62,0.0344,active,0,0,legit
U00735,A0108,finance,974,10.14,0.0471,active,1,0,legit
U00736,A0189,admin,1887,3.13,0.0118,active,1,0,legit
U00737,A0148,admin,1640,11.55,0.4846,active,1,1,account_takeover
U00738,A0114,agent,1989,4.69,0.0333,active,1,0,legit
U00739,A0078,finance,1082,2.16,0.0756,active,1,0,legit
U00740,A0130,agent,325,6.14,0.0303,active,1,0,legit
U00741,A0037,finance,955,0.0,0.005,active,1,0,legit
U00742,A0020,finance,669,3.88,0.0093,active,1,0,legit
U00743,A0026,agent,2417,2.75,0.027,active,1,0,legit
U00744,A0029,finance,657,7.99,0.0399,active,0,0,legit
U00745,A0001,agent,1197,3.16,0.0177,active,1,0,legit
U00746,A0119,agent,971,0.0,0.0655,active,1,0,legit
U00747,A0035,agent,859,5.29,0.0166,active,1,0,legit
U00748,A0198,agent,1800,7.12,0.0954,active,1,0,legit
U00749,A0059,agent,1005,5.05,0.0436,active,1,0,legit
U00750,A0069,agent,984,3.86,0.078,active,1,0,legit
U00751,A0161,finance,1292,3.65,0.0118,active,1,0,legit
U00752,A0179,agent,981,6.4,0.0299,active,1,0,legit
U00753,A0012,admin,973,2.89,0.0388,active,1,0,legit
U00754,A0020,finance,2232,4.85,0.105,active,1,0,legit
U00755,A0181,finance,1234,8.63,0.0421,active,1,0,legit
U00756,A0043,finance,2165,1.45,0.009,active,1,0,legit
U00757,A0126,agent,1564,5.85,0.007,active,1,0,legit
U00758,A0050,finance,1126,0.0,0.0479,active,1,0,legit
U00759,A0029,agent,208,6.8,0.0259,active,1,0,legit
U00760,A0185,agent,2289,2.57,0.041,active,1,0,legit
U00761,A0039,agent,1858,9.57,0.0427,active,1,0,legit
U00762,A0184,agent,1287,0.83,0.064,active,1,0,legit
U00763,A0171,agent,494,7.55,0.0428,active,1,0,legit
U00764,A0178,agent,1804,10.27,0.0047,active,1,0,legit
U00765,A0151,agent,1260,2.39,0.0483,active,1,0,legit
U00766,A0172,agent,914,2.98,0.0157,active,1,0,legit
U00767,A0038,agent,2443,2.7,0.049,active,1,0,legit
U00768,A0084,agent,2353,4.3,0.0547,locked,1,0,legit
U00769,A0151,agent,2457,7.81,0.0222,active,1,0,legit
U00770,A0128,agent,1362,28.84,0.1573,active,1,1,bot_booking
U00771,A0126,agent,1684,2.08,0.1369,active,1,0,legit
U00772,A0045,agent,974,0.0,0.0184,active,0,0,legit
U00773,A0052,finance,954,11.61,0.0094,locked,0,0,legit
U00774,A0080,agent,1968,11.88,0.0186,active,1,0,legit
U00775,A0178,agent,523,7.96,0.0229,active,1,0,legit
U00776,A0124,agent,1576,3.16,0.0629,active,1,0,legit
U00777,A0119,agent,1999,8.62,0.0411,active,1,0,legit
U00778,A0008,admin,1124,9.32,0.0443,active,1,0,legit
U00779,A0085,agent,2441,5.11,0.1007,active,0,0,legit
U00780,A0129,agent,1855,15.31,0.4147,active,1,1,account_takeover
U00781,A0008,agent,792,10.31,0.0472,active,0,0,legit
U00782,A0157,agent,2353,0.26,0.0174,active,1,0,legit
U00783,A0096,agent,79,9.49,0.0049,active,1,0,legit
U00784,A0102,agent,935,10.93,0.0392,locked,0,1,cancellation_abuser
U00785,A0005,agent,593,2.11,0.0341,active,1,0,legit
U00786,A0086,agent,812,2.39,0.0859,active,1,0,legit
U00787,A0175,agent,2070,2.97,0.0653,active,1,0,legit
U00788,A0034,finance,1861,1.76,0.0102,active,1,0,legit
U00789,A0193,finance,613,12.2,0.0195,active,1,0,legit
U00790,A0055,agent,1349,7.72,0.0388,active,1,0,legit
U00791,A0119,agent,265,9.73,0.0015,active,1,0,legit
U00792,A0171,agent,2133,7.97,0.0403,active,0,0,legit
U00793,A0158,agent,1972,6.21,0.0639,active,1,0,legit
U00794,A0114,agent,389,6.26,0.0945,active,1,0,legit
U00795,A0145,finance,1960,4.61,0.0429,active,1,0,legit
U00796,A0026,finance,139,4.89,0.0226,active,1,0,legit
U00797,A0136,agent,221,1.07,0.0595,active,1,0,legit
U00798,A0047,agent,933,9.79,0.0741,active,1,0,legit
U00799,A0113,admin,1146,0.0,0.0082,active,1,0,legit
U00800,A0076,agent,891,2.29,0.0438,active,1,0,legit
